{"stats":{"minecraft:picked_up":{"minecraft:crafting_table":1,"minecraft:wheat":5,"minecraft:clay_ball":12,"croptopia:cinnamon_log":14,"minecraft:jungle_log":1,"minecraft:stone_brick_wall":3,"minecraft:stone_brick_stairs":9,"minecraft:oak_log":11,"minecraft:cobblestone_wall":6,"minecraft:map":3,"minecraft:lapis_lazuli":42,"minecraft:string":13,"minecraft:dirt":6,"minecraft:paper":1,"minecraft:item_frame":4,"minecraft:bone":5,"minecraft:apple":1,"minecraft:stone_bricks":29,"minecraft:bow":1,"minecraft:wheat_seeds":7,"minecraft:cobbled_deepslate":47,"minecraft:pufferfish_bucket":1,"minecraft:wooden_shovel":1,"minecraft:spruce_slab":4,"minecraft:chest":1,"minecraft:sugar_cane":6,"croptopia:cinnamon_sapling":4,"duneons:sandstonebrickcracked":2,"minecraft:spruce_trapdoor":6,"minecraft:book":12,"minecraft:stick":6,"minecraft:sandstone":9,"apotheosis:gem":9,"croptopia:starfruit":3,"minecraft:acacia_log":1,"minecraft:sand":10,"minecraft:amethyst_shard":4,"croptopia:fig":5,"croptopia:banana":2,"minecraft:mossy_cobblestone":2,"minecraft:arrow":4,"minecraft:purple_bed":3,"minecraft:stone_axe":1,"minecraft:oak_sapling":16,"minecraft:obsidian":17,"minecraft:melon_seeds":3,"minecraft:iron_bars":1,"minecraft:coal":42,"minecraft:cobblestone":210},"minecraft:dropped":{"minecraft:iron_ingot":3,"minecraft:stone_axe":1,"minecraft:wheat_seeds":7,"minecraft:cobbled_deepslate":24,"croptopia:cinnamon_sapling":2,"minecraft:cobblestone":64,"minecraft:oak_planks":7,"croptopia:cinnamon_log":8,"minecraft:dirt":3,"minecraft:spruce_trapdoor":6,"tombstone:grave_key":3,"minecraft:stone_brick_wall":3,"minecraft:oak_sapling":5,"minecraft:stone_bricks":29,"minecraft:spruce_slab":4,"minecraft:sandstone":8,"minecraft:iron_bars":1,"minecraft:sand":6,"minecraft:stone_pickaxe":1,"minecraft:stone_brick_stairs":9},"minecraft:killed_by":{"minecraft:player":3,"minecraft:skeleton":1,"minecraft:zombie":1,"duneons:wraithattack":1},"minecraft:used":{"minecraft:water_bucket":2,"duneons:sandstonebrickcracked":2,"croptopia:starfruit":3,"minecraft:chest":4,"minecraft:wooden_pickaxe":11,"minecraft:sandstone":1,"minecraft:iron_sword":8,"minecraft:salmon":4,"minecraft:mossy_cobblestone":2,"minecraft:sand":1,"minecraft:crafting_table":3,"croptopia:cinnamon_log":6,"minecraft:cod":2,"minecraft:oak_log":1,"minecraft:apple":1,"minecraft:iron_pickaxe":205,"minecraft:diamond_chestplate":1,"minecraft:cobblestone":2,"minecraft:purple_bed":3,"croptopia:banana":2,"minecraft:bucket":3,"tombstone:gift":1,"minecraft:cobbled_deepslate":22},"minecraft:crafted":{"minecraft:oak_planks":40,"minecraft:crafting_table":2,"minecraft:wooden_pickaxe":1,"minecraft:stone_axe":1,"minecraft:stick":4,"minecraft:stone_pickaxe":1,"minecraft:chest":3,"minecraft:acacia_planks":4},"minecraft:mined":{"croptopia:starfruit_crop":3,"minecraft:mossy_cobblestone":2,"minecraft:amethyst_cluster":1,"minecraft:jungle_leaves":6,"minecraft:clay":3,"minecraft:acacia_log":1,"minecraft:grass_block":1,"duneons:sandstonebrickcracked":2,"minecraft:chest":1,"minecraft:tall_grass":1,"minecraft:sugar_cane":2,"croptopia:banana_crop":2,"minecraft:sandstone":9,"minecraft:purple_bed":3,"croptopia:fig_crop":5,"minecraft:wheat":4,"treechop:chopped_log":3,"minecraft:grass":8,"minecraft:oak_log":3,"minecraft:coal_ore":21,"minecraft:sand":10,"minecraft:dirt":5,"minecraft:stone":127,"minecraft:oak_leaves":6,"minecraft:deepslate":46,"minecraft:fern":1},"minecraft:custom":{"minecraft:interact_with_furnace":3,"minecraft:interact_with_cartography_table":1,"minecraft:interact_with_crafting_table":5,"minecraft:open_barrel":2,"minecraft:bell_ring":1,"minecraft:damage_dealt_resisted":0,"minecraft:sleep_in_bed":2,"minecraft:leave_game":2,"minecraft:time_since_death":16453,"minecraft:climb_one_cm":2690,"minecraft:time_since_rest":502,"minecraft:sprint_one_cm":101054,"minecraft:damage_taken":1591,"minecraft:walk_one_cm":185443,"minecraft:drop":29,"minecraft:damage_dealt":311,"minecraft:swim_one_cm":30136,"minecraft:fly_one_cm":143815,"minecraft:open_chest":8,"minecraft:crouch_one_cm":852,"minecraft:play_time":73060,"minecraft:deaths":6,"minecraft:sneak_time":893,"minecraft:walk_under_water_one_cm":6317,"minecraft:jump":1138,"minecraft:walk_on_water_one_cm":22326,"minecraft:total_world_time":73060,"minecraft:fall_one_cm":25971}},"DataVersion":3465}