{"stats":{"minecraft:dropped":{"duneons:miniredstonegolem":6,"minecraft:moss_block":24,"minecraft:wheat_seeds":13,"minecraft:cooked_beef":2,"minecraft:lilac":2,"minecraft:diamond":4,"minecraft:spore_blossom":1,"duneons:purplevangardpotion":2,"duneons:soul_scythe":16,"minecraft:glow_berries":10,"minecraft:flint":1,"minecraft:jungle_sapling":3,"minecraft:flowering_azalea":2,"minecraft:iron_axe":2,"minecraft:gravel":3,"duneons:goldmace":13,"minecraft:bowl":9,"duneons:magicwand":25,"weaponmaster:taglockkit":3,"sophisticatedbackpacks:backpack":2,"minecraft:carrot":1,"minecraft:suspicious_stew":2,"minecraft:leather_chestplate":1,"minecraft:turtle_helmet":1,"minecraft:gunpowder":2,"minecraft:oak_sapling":4,"duneons:crumsoncoresword":13,"minecraft:bow":2},"minecraft:picked_up":{"minecraft:cocoa_beans":6,"minecraft:crafting_table":2,"minecraft:coarse_dirt":3,"minecraft:wheat":9,"minecraft:redstone_block":1,"minecraft:nether_brick_fence":1,"minecraft:turtle_helmet":2,"minecraft:suspicious_stew":14,"duneons:bigstoneground":1,"minecraft:moss_carpet":2,"minecraft:string":3,"minecraft:soul_soil":17,"minecraft:iron_axe":2,"minecraft:gold_nugget":41,"minecraft:beef":6,"minecraft:jungle_sapling":3,"croptopia:coconut":1,"minecraft:poppy":2,"minecraft:sugar_cane":5,"minecraft:furnace":2,"minecraft:stick":2,"apotheosis:gem":1,"weaponmaster:weaponkit":1,"minecraft:bowl":3,"sophisticatedbackpacks:backpack":1,"minecraft:porkchop":3,"minecraft:golden_axe":1,"duneons:magicwand":24,"tombstone:grave_dust":10,"minecraft:carrot":2,"croptopia:date":2,"minecraft:diamond_chestplate":1,"minecraft:arrow":28,"minecraft:rotten_flesh":26,"minecraft:nether_bricks":31,"duneons:soul_scythe":16,"minecraft:blaze_rod":1,"duneons:goldmace":12,"minecraft:glow_berries":12,"minecraft:mutton":11,"minecraft:cobblestone":15,"minecraft:white_wool":9,"duneons:dungeonscharreddirt":1,"minecraft:leather_chestplate":1,"minecraft:lilac":2,"minecraft:jungle_log":15,"minecraft:brown_wool":1,"minecraft:leather":15,"minecraft:flint":1,"minecraft:oak_log":9,"duneons:purplevangardpotion":13,"minecraft:gunpowder":11,"minecraft:dirt":77,"minecraft:leather_boots":1,"bhc:red_heart":4,"minecraft:hanging_roots":8,"minecraft:bone":23,"minecraft:bow":2,"duneons:crumsoncoresword":13,"minecraft:wheat_seeds":51,"minecraft:spore_blossom":1,"minecraft:iron_ingot":16,"tombstone:bag_of_seeds":2,"minecraft:moss_block":29,"minecraft:flowering_azalea":2,"minecraft:acacia_sapling":1,"minecraft:soul_sand":6,"duneons:keydiamond":3,"duneons:red_stone_golem_skull":10,"minecraft:gravel":3,"minecraft:sand":2,"minecraft:grass_block":1,"weaponmaster:taglockkit":3,"minecraft:bundle":1,"minecraft:diamond":36,"minecraft:crossbow":1,"tombstone:magic_scroll":1,"minecraft:oak_sapling":5,"duneons:miniredstonegolem":14,"minecraft:netherrack":65,"minecraft:ender_pearl":1},"minecraft:killed_by":{"minecraft:husk":1,"minecraft:creeper":1,"duneons:redstonegolem":2,"minecraft:skeleton":3,"duneons:electric":2},"minecraft:used":{"minecraft:moss_block":1,"minecraft:moss_carpet":2,"minecraft:diamond_hoe":41,"minecraft:shield":29,"duneons:dungeonscharreddirt":1,"minecraft:rotten_flesh":25,"minecraft:netherrack":25,"minecraft:dirt":61,"minecraft:soul_sand":1,"duneons:bigstoneground":1,"croptopia:date":2,"minecraft:carrot":1,"minecraft:honey_bottle":2,"duneons:soul_scythe":2,"tombstone:ankh_of_pray":2,"minecraft:iron_axe":3,"minecraft:bow":18,"minecraft:soul_soil":17,"minecraft:oak_sapling":1,"minecraft:furnace":2,"tombstone:gift":4,"minecraft:cooked_beef":11,"minecraft:hanging_roots":8,"croptopia:coconut":1,"minecraft:wheat_seeds":35,"minecraft:cooked_mutton":8,"minecraft:glass_bottle":1,"minecraft:stone_pickaxe":8,"duneons:miniredstonegolem":180,"minecraft:oak_planks":2,"minecraft:wooden_pickaxe":15,"minecraft:redstone_block":1,"minecraft:glow_berries":2,"minecraft:sand":1,"minecraft:crafting_table":2,"weaponmaster:wm_broadswordlarge":13,"tombstone:bag_of_seeds":2,"minecraft:diamond_pickaxe":104,"minecraft:bread":1,"minecraft:suspicious_stew":12,"tombstone:grave_key":3,"minecraft:stone_axe":68,"croptopia:toast":8},"minecraft:crafted":{"minecraft:oak_planks":36,"weaponmaster:taglockkit":1,"minecraft:diamond_hoe":1,"minecraft:furnace":1,"croptopia:toast":8,"minecraft:cooked_mutton":8,"minecraft:glass":3,"minecraft:diamond_leggings":1,"minecraft:stone_pickaxe":1,"minecraft:chest":2,"sophisticatedbackpacks:iron_backpack":1,"minecraft:glass_bottle":3,"sophisticatedbackpacks:backpack":2,"minecraft:crafting_table":1,"minecraft:wooden_pickaxe":1,"tombstone:ankh_of_pray":1,"minecraft:stone_axe":1,"minecraft:air":0,"minecraft:jungle_planks":24,"minecraft:diamond_pickaxe":1,"minecraft:shield":2,"minecraft:stick":8,"minecraft:gold_ingot":4,"minecraft:diamond_chestplate":1},"minecraft:mined":{"minecraft:nether_gold_ore":10,"minecraft:nether_bricks":27,"minecraft:cave_vines_plant":5,"minecraft:grass_block":34,"minecraft:soul_soil":1,"minecraft:moss_block":25,"minecraft:rooted_dirt":1,"minecraft:spore_blossom":1,"minecraft:furnace":2,"minecraft:moss_carpet":2,"treechop:chopped_log":3,"minecraft:flowering_azalea_leaves":3,"minecraft:cave_vines":14,"minecraft:vine":11,"minecraft:azalea_leaves":4,"minecraft:stone":15,"minecraft:tripwire":1,"minecraft:flowering_azalea":2,"minecraft:redstone_block":1,"minecraft:soul_sand":1,"minecraft:soul_fire":6,"duneons:bigstoneground":1,"minecraft:crafting_table":2,"minecraft:dead_bush":1,"minecraft:tall_grass":50,"minecraft:sugar_cane":1,"minecraft:wall_torch":1,"minecraft:lilac":2,"minecraft:grass":151,"minecraft:oak_log":3,"minecraft:beetroots":1,"minecraft:gravel":4,"minecraft:sand":3,"minecraft:dirt":20,"duneons:dungeonscharreddirt":1,"minecraft:small_dripleaf":2,"minecraft:netherrack":66,"minecraft:fern":16,"minecraft:oak_leaves":1},"minecraft:broken":{"minecraft:shield":1,"minecraft:leather_boots":1},"minecraft:custom":{"minecraft:mob_kills":287,"minecraft:interact_with_crafting_table":22,"minecraft:open_barrel":7,"minecraft:damage_dealt_resisted":0,"minecraft:leave_game":2,"minecraft:time_since_death":31496,"minecraft:climb_one_cm":4962,"minecraft:damage_resisted":0,"minecraft:sprint_one_cm":628194,"minecraft:walk_one_cm":532442,"minecraft:damage_blocked_by_shield":1455,"minecraft:drop":118,"minecraft:talked_to_villager":11,"minecraft:play_time":188317,"minecraft:deaths":11,"minecraft:sneak_time":8244,"minecraft:walk_under_water_one_cm":7985,"minecraft:jump":2663,"minecraft:walk_on_water_one_cm":9883,"minecraft:total_world_time":188317,"minecraft:interact_with_furnace":22,"minecraft:sleep_in_bed":1,"minecraft:time_since_rest":2510,"minecraft:damage_taken":6985,"minecraft:damage_dealt":3974,"minecraft:swim_one_cm":20978,"minecraft:fly_one_cm":373721,"minecraft:open_chest":46,"minecraft:crouch_one_cm":13436,"tombstone:undead_killed":54,"tombstone:villager_killed":1,"minecraft:fall_one_cm":70858},"minecraft:killed":{"minecraft:zombified_piglin":1,"minecraft:spider":2,"duneons:babykeyblue":1,"minecraft:skeleton":25,"duneons:redstonegolem":16,"minecraft:drowned":2,"duneons:petgolem":177,"minecraft:skeleton_horse":1,"minecraft:magma_cube":2,"minecraft:pig":1,"minecraft:zombie_villager":1,"minecraft:iron_golem":1,"minecraft:creeper":10,"minecraft:sheep":10,"minecraft:zombie":24,"duneons:babyghast":1,"minecraft:ghast":3,"minecraft:villager":1,"minecraft:blaze":1,"minecraft:enderman":3,"minecraft:cow":4}},"DataVersion":3465}