{"stats":{"minecraft:dropped":{"minecraft:diamond":4,"weaponmaster:taglockkit":3,"minecraft:oak_sapling":4,"minecraft:jungle_sapling":3},"minecraft:picked_up":{"minecraft:coarse_dirt":3,"duneons:dungeonscharreddirt":1,"minecraft:cocoa_beans":6,"minecraft:crafting_table":2,"minecraft:redstone_block":1,"minecraft:jungle_log":15,"minecraft:leather":5,"minecraft:brown_wool":1,"minecraft:oak_log":6,"minecraft:gunpowder":3,"minecraft:dirt":39,"minecraft:wheat_seeds":3,"minecraft:beef":6,"minecraft:jungle_sapling":3,"croptopia:coconut":1,"minecraft:sugar_cane":5,"minecraft:acacia_sapling":1,"minecraft:furnace":2,"minecraft:stick":2,"weaponmaster:weaponkit":1,"minecraft:porkchop":3,"minecraft:sand":1,"tombstone:grave_dust":2,"minecraft:grass_block":1,"croptopia:date":2,"weaponmaster:taglockkit":2,"minecraft:rotten_flesh":1,"minecraft:diamond":36,"minecraft:oak_sapling":4,"minecraft:mutton":11,"minecraft:white_wool":9,"minecraft:cobblestone":15},"minecraft:killed_by":{"minecraft:husk":1,"minecraft:skeleton":2,"minecraft:creeper":1},"minecraft:used":{"croptopia:coconut":1,"minecraft:cooked_mutton":8,"minecraft:stone_pickaxe":8,"minecraft:wooden_pickaxe":15,"minecraft:redstone_block":1,"duneons:dungeonscharreddirt":1,"minecraft:dirt":35,"minecraft:sand":1,"minecraft:crafting_table":2,"croptopia:date":2,"minecraft:stone_axe":68,"minecraft:furnace":2,"tombstone:gift":1},"minecraft:mined":{"minecraft:redstone_block":1,"minecraft:crafting_table":2,"minecraft:grass_block":8,"minecraft:tall_grass":3,"minecraft:sugar_cane":1,"minecraft:furnace":2,"treechop:chopped_log":3,"minecraft:grass":11,"minecraft:vine":1,"minecraft:sand":1,"minecraft:dirt":17,"duneons:dungeonscharreddirt":1,"minecraft:stone":15,"minecraft:oak_leaves":1,"minecraft:fern":4},"minecraft:crafted":{"minecraft:glass_bottle":3,"minecraft:crafting_table":1,"weaponmaster:taglockkit":1,"minecraft:wooden_pickaxe":1,"minecraft:furnace":1,"minecraft:stone_axe":1,"minecraft:cooked_mutton":8,"minecraft:air":0,"minecraft:jungle_planks":24,"minecraft:glass":3,"minecraft:stick":8,"minecraft:stone_pickaxe":1},"minecraft:custom":{"minecraft:interact_with_furnace":11,"minecraft:mob_kills":24,"minecraft:interact_with_crafting_table":6,"minecraft:open_barrel":2,"minecraft:leave_game":2,"minecraft:time_since_death":10930,"minecraft:damage_resisted":0,"minecraft:climb_one_cm":4574,"minecraft:time_since_rest":8551,"minecraft:sprint_one_cm":129598,"minecraft:damage_taken":1805,"minecraft:walk_one_cm":118724,"minecraft:drop":9,"minecraft:damage_dealt":3971,"minecraft:swim_one_cm":20978,"minecraft:talked_to_villager":3,"minecraft:fly_one_cm":116362,"minecraft:open_chest":11,"minecraft:crouch_one_cm":5011,"minecraft:play_time":62317,"tombstone:undead_killed":4,"minecraft:deaths":4,"minecraft:sneak_time":2420,"minecraft:walk_under_water_one_cm":7985,"minecraft:jump":991,"minecraft:walk_on_water_one_cm":6880,"minecraft:total_world_time":62317,"minecraft:fall_one_cm":18599},"minecraft:killed":{"minecraft:pig":1,"minecraft:creeper":3,"minecraft:sheep":10,"minecraft:zombie":2,"minecraft:drowned":2,"minecraft:enderman":2,"minecraft:cow":4}},"DataVersion":3465}