{"stats":{"minecraft:used":{"croptopia:coconut":1,"minecraft:cooked_mutton":8,"minecraft:stone_pickaxe":8,"minecraft:wooden_pickaxe":15,"minecraft:redstone_block":1,"duneons:dungeonscharreddirt":1,"minecraft:dirt":35,"minecraft:sand":1,"minecraft:crafting_table":2,"croptopia:date":2,"minecraft:stone_axe":68,"minecraft:furnace":2,"tombstone:gift":1},"minecraft:mined":{"minecraft:redstone_block":1,"minecraft:crafting_table":2,"minecraft:grass_block":8,"minecraft:tall_grass":2,"minecraft:sugar_cane":1,"minecraft:furnace":2,"treechop:chopped_log":2,"minecraft:grass":11,"minecraft:vine":1,"minecraft:sand":1,"minecraft:dirt":17,"duneons:dungeonscharreddirt":1,"minecraft:stone":15,"minecraft:oak_leaves":1,"minecraft:fern":4},"minecraft:custom":{"minecraft:interact_with_furnace":5,"minecraft:mob_kills":24,"minecraft:interact_with_crafting_table":4,"minecraft:leave_game":2,"minecraft:time_since_death":0,"minecraft:climb_one_cm":1528,"minecraft:time_since_rest":1,"minecraft:sprint_one_cm":83843,"minecraft:damage_taken":1735,"minecraft:walk_one_cm":84094,"minecraft:drop":1,"minecraft:damage_dealt":3971,"minecraft:swim_one_cm":20978,"minecraft:fly_one_cm":80631,"minecraft:crouch_one_cm":4589,"minecraft:play_time":51387,"tombstone:undead_killed":4,"minecraft:deaths":4,"minecraft:sneak_time":2272,"minecraft:walk_under_water_one_cm":7985,"minecraft:jump":775,"minecraft:walk_on_water_one_cm":6725,"minecraft:total_world_time":51387,"minecraft:fall_one_cm":16451},"minecraft:killed":{"minecraft:pig":1,"minecraft:creeper":3,"minecraft:sheep":10,"minecraft:zombie":2,"minecraft:drowned":2,"minecraft:enderman":2,"minecraft:cow":4},"minecraft:killed_by":{"minecraft:husk":1,"minecraft:skeleton":2,"minecraft:creeper":1},"minecraft:picked_up":{"minecraft:crafting_table":2,"duneons:dungeonscharreddirt":1,"minecraft:cocoa_beans":6,"minecraft:coarse_dirt":3,"minecraft:redstone_block":1,"minecraft:jungle_log":15,"minecraft:brown_wool":1,"minecraft:leather":5,"minecraft:gunpowder":3,"minecraft:dirt":39,"minecraft:wheat_seeds":3,"minecraft:beef":6,"minecraft:jungle_sapling":3,"croptopia:coconut":1,"minecraft:sugar_cane":5,"minecraft:acacia_sapling":1,"minecraft:furnace":2,"minecraft:porkchop":3,"minecraft:sand":1,"tombstone:grave_dust":2,"minecraft:grass_block":1,"croptopia:date":2,"minecraft:rotten_flesh":1,"minecraft:mutton":11,"minecraft:white_wool":9,"minecraft:cobblestone":15},"minecraft:dropped":{"minecraft:jungle_sapling":3},"minecraft:crafted":{"minecraft:crafting_table":1,"minecraft:wooden_pickaxe":1,"minecraft:furnace":1,"minecraft:stone_axe":1,"minecraft:cooked_mutton":8,"minecraft:air":0,"minecraft:jungle_planks":24,"minecraft:stick":8,"minecraft:stone_pickaxe":1}},"DataVersion":3465}