{"stats":{"minecraft:dropped":{"duneons:goldmace":2,"minecraft:cooked_beef":2,"minecraft:diamond":4,"duneons:purplevangardpotion":2,"duneons:magicwand":2,"duneons:soul_scythe":2,"weaponmaster:taglockkit":3,"sophisticatedbackpacks:backpack":2,"minecraft:suspicious_stew":1,"minecraft:gunpowder":2,"minecraft:oak_sapling":4,"minecraft:jungle_sapling":3,"duneons:crumsoncoresword":2},"minecraft:picked_up":{"minecraft:coarse_dirt":3,"duneons:dungeonscharreddirt":1,"minecraft:cocoa_beans":6,"minecraft:crafting_table":2,"minecraft:redstone_block":1,"minecraft:suspicious_stew":3,"minecraft:jungle_log":15,"minecraft:leather":15,"minecraft:brown_wool":1,"duneons:purplevangardpotion":3,"duneons:bigstoneground":1,"minecraft:oak_log":9,"minecraft:gunpowder":5,"minecraft:dirt":39,"minecraft:soul_soil":17,"minecraft:iron_axe":1,"bhc:red_heart":2,"minecraft:bone":1,"duneons:crumsoncoresword":3,"minecraft:gold_nugget":39,"minecraft:wheat_seeds":3,"minecraft:iron_ingot":11,"minecraft:beef":6,"minecraft:jungle_sapling":3,"croptopia:coconut":1,"minecraft:sugar_cane":5,"minecraft:soul_sand":6,"minecraft:acacia_sapling":1,"minecraft:furnace":2,"duneons:keydiamond":2,"minecraft:stick":2,"duneons:red_stone_golem_skull":3,"weaponmaster:weaponkit":1,"sophisticatedbackpacks:backpack":1,"minecraft:porkchop":3,"minecraft:sand":1,"duneons:magicwand":3,"tombstone:grave_dust":2,"minecraft:grass_block":1,"croptopia:date":2,"weaponmaster:taglockkit":3,"minecraft:arrow":5,"minecraft:rotten_flesh":8,"minecraft:diamond":36,"minecraft:netherrack":4,"duneons:soul_scythe":3,"duneons:goldmace":3,"duneons:miniredstonegolem":3,"minecraft:oak_sapling":4,"minecraft:mutton":11,"minecraft:white_wool":9,"minecraft:cobblestone":15},"minecraft:killed_by":{"minecraft:husk":1,"minecraft:skeleton":3,"minecraft:creeper":1,"duneons:electric":1},"minecraft:used":{"croptopia:coconut":1,"minecraft:cooked_mutton":8,"minecraft:stone_pickaxe":8,"minecraft:oak_planks":2,"duneons:miniredstonegolem":2,"minecraft:shield":29,"minecraft:wooden_pickaxe":15,"minecraft:redstone_block":1,"duneons:dungeonscharreddirt":1,"minecraft:soul_sand":1,"duneons:bigstoneground":1,"minecraft:dirt":35,"minecraft:sand":1,"minecraft:crafting_table":2,"croptopia:date":2,"weaponmaster:wm_broadswordlarge":6,"duneons:soul_scythe":1,"minecraft:diamond_pickaxe":15,"minecraft:iron_axe":3,"minecraft:stone_axe":68,"croptopia:toast":8,"minecraft:soul_soil":12,"minecraft:furnace":2,"tombstone:gift":2,"minecraft:cooked_beef":9},"minecraft:crafted":{"minecraft:glass_bottle":3,"minecraft:oak_planks":24,"sophisticatedbackpacks:backpack":2,"minecraft:crafting_table":1,"weaponmaster:taglockkit":1,"minecraft:wooden_pickaxe":1,"minecraft:furnace":1,"croptopia:toast":8,"minecraft:stone_axe":1,"minecraft:cooked_mutton":8,"minecraft:air":0,"minecraft:jungle_planks":24,"minecraft:glass":3,"minecraft:diamond_leggings":1,"minecraft:diamond_pickaxe":1,"minecraft:shield":1,"minecraft:stick":8,"minecraft:gold_ingot":4,"minecraft:stone_pickaxe":1,"minecraft:chest":2,"minecraft:diamond_chestplate":1,"sophisticatedbackpacks:iron_backpack":1},"minecraft:mined":{"minecraft:nether_gold_ore":10,"minecraft:redstone_block":1,"minecraft:soul_sand":1,"minecraft:soul_fire":5,"duneons:bigstoneground":1,"minecraft:crafting_table":2,"minecraft:grass_block":8,"minecraft:soul_soil":1,"minecraft:tall_grass":8,"minecraft:sugar_cane":1,"minecraft:furnace":2,"treechop:chopped_log":3,"minecraft:oak_log":3,"minecraft:grass":12,"minecraft:vine":1,"minecraft:sand":1,"minecraft:dirt":17,"minecraft:netherrack":4,"duneons:dungeonscharreddirt":1,"minecraft:stone":15,"minecraft:oak_leaves":1,"minecraft:fern":4},"minecraft:broken":{"minecraft:shield":1},"minecraft:custom":{"minecraft:interact_with_furnace":19,"minecraft:mob_kills":45,"minecraft:interact_with_crafting_table":14,"minecraft:open_barrel":7,"minecraft:damage_dealt_resisted":0,"minecraft:leave_game":2,"minecraft:time_since_death":9123,"minecraft:damage_resisted":0,"minecraft:climb_one_cm":4846,"minecraft:time_since_rest":7988,"minecraft:sprint_one_cm":251314,"minecraft:damage_taken":3855,"minecraft:walk_one_cm":236779,"minecraft:damage_blocked_by_shield":1455,"minecraft:drop":25,"minecraft:damage_dealt":3974,"minecraft:swim_one_cm":20978,"minecraft:talked_to_villager":6,"minecraft:fly_one_cm":189636,"minecraft:open_chest":22,"minecraft:crouch_one_cm":6867,"minecraft:play_time":98317,"tombstone:undead_killed":14,"minecraft:deaths":7,"minecraft:sneak_time":3494,"minecraft:walk_under_water_one_cm":7985,"tombstone:villager_killed":1,"minecraft:jump":1508,"minecraft:walk_on_water_one_cm":8152,"minecraft:total_world_time":98317,"minecraft:fall_one_cm":35565},"minecraft:killed":{"minecraft:magma_cube":1,"minecraft:pig":1,"minecraft:zombie_villager":1,"minecraft:creeper":5,"minecraft:sheep":10,"minecraft:skeleton":3,"minecraft:zombie":7,"minecraft:ghast":1,"duneons:redstonegolem":4,"minecraft:drowned":2,"duneons:petgolem":2,"minecraft:villager":1,"minecraft:skeleton_horse":1,"minecraft:enderman":2,"minecraft:cow":4}},"DataVersion":3465}