{"stats":{"minecraft:dropped":{"minecraft:moss_block":24,"minecraft:cooked_beef":2,"minecraft:lilac":2,"minecraft:diamond":4,"minecraft:spore_blossom":1,"duneons:purplevangardpotion":2,"duneons:soul_scythe":2,"minecraft:glow_berries":10,"minecraft:flint":1,"minecraft:jungle_sapling":3,"minecraft:flowering_azalea":2,"minecraft:gravel":3,"duneons:goldmace":2,"duneons:magicwand":2,"weaponmaster:taglockkit":3,"sophisticatedbackpacks:backpack":2,"minecraft:suspicious_stew":1,"minecraft:leather_chestplate":1,"minecraft:gunpowder":2,"minecraft:oak_sapling":4,"duneons:crumsoncoresword":2},"minecraft:picked_up":{"minecraft:cocoa_beans":6,"minecraft:crafting_table":2,"minecraft:coarse_dirt":3,"minecraft:redstone_block":1,"minecraft:suspicious_stew":3,"duneons:bigstoneground":1,"minecraft:moss_carpet":2,"minecraft:string":1,"minecraft:soul_soil":17,"minecraft:iron_axe":1,"minecraft:gold_nugget":39,"minecraft:beef":6,"minecraft:jungle_sapling":3,"croptopia:coconut":1,"minecraft:sugar_cane":5,"minecraft:furnace":2,"minecraft:stick":2,"weaponmaster:weaponkit":1,"sophisticatedbackpacks:backpack":1,"minecraft:porkchop":3,"duneons:magicwand":3,"tombstone:grave_dust":3,"croptopia:date":2,"minecraft:arrow":7,"minecraft:rotten_flesh":10,"duneons:soul_scythe":3,"duneons:goldmace":3,"minecraft:glow_berries":12,"minecraft:mutton":11,"minecraft:cobblestone":15,"minecraft:white_wool":9,"duneons:dungeonscharreddirt":1,"minecraft:leather_chestplate":1,"minecraft:lilac":2,"minecraft:jungle_log":15,"minecraft:brown_wool":1,"minecraft:leather":15,"minecraft:flint":1,"minecraft:oak_log":9,"duneons:purplevangardpotion":3,"minecraft:gunpowder":5,"minecraft:dirt":65,"minecraft:leather_boots":1,"bhc:red_heart":2,"minecraft:hanging_roots":8,"minecraft:bone":1,"duneons:crumsoncoresword":3,"minecraft:wheat_seeds":14,"minecraft:spore_blossom":1,"minecraft:iron_ingot":11,"minecraft:moss_block":25,"minecraft:flowering_azalea":2,"minecraft:acacia_sapling":1,"minecraft:soul_sand":6,"duneons:keydiamond":2,"duneons:red_stone_golem_skull":3,"minecraft:gravel":3,"minecraft:sand":1,"minecraft:grass_block":1,"weaponmaster:taglockkit":3,"minecraft:diamond":36,"minecraft:oak_sapling":4,"duneons:miniredstonegolem":3,"minecraft:netherrack":4},"minecraft:killed_by":{"minecraft:husk":1,"minecraft:creeper":1,"minecraft:skeleton":3,"duneons:electric":1},"minecraft:used":{"minecraft:moss_block":1,"minecraft:diamond_hoe":41,"minecraft:shield":29,"duneons:dungeonscharreddirt":1,"minecraft:dirt":61,"minecraft:soul_sand":1,"duneons:bigstoneground":1,"croptopia:date":2,"duneons:soul_scythe":1,"minecraft:iron_axe":3,"minecraft:soul_soil":12,"minecraft:furnace":2,"tombstone:gift":2,"minecraft:cooked_beef":11,"minecraft:hanging_roots":8,"croptopia:coconut":1,"minecraft:wheat_seeds":11,"minecraft:cooked_mutton":8,"minecraft:stone_pickaxe":8,"duneons:miniredstonegolem":2,"minecraft:oak_planks":2,"minecraft:wooden_pickaxe":15,"minecraft:redstone_block":1,"minecraft:sand":1,"minecraft:crafting_table":2,"weaponmaster:wm_broadswordlarge":6,"minecraft:diamond_pickaxe":15,"minecraft:stone_axe":68,"croptopia:toast":8},"minecraft:crafted":{"minecraft:oak_planks":36,"weaponmaster:taglockkit":1,"minecraft:diamond_hoe":1,"minecraft:furnace":1,"croptopia:toast":8,"minecraft:cooked_mutton":8,"minecraft:glass":3,"minecraft:diamond_leggings":1,"minecraft:stone_pickaxe":1,"minecraft:chest":2,"sophisticatedbackpacks:iron_backpack":1,"minecraft:glass_bottle":3,"sophisticatedbackpacks:backpack":2,"minecraft:crafting_table":1,"minecraft:wooden_pickaxe":1,"minecraft:stone_axe":1,"minecraft:air":0,"minecraft:jungle_planks":24,"minecraft:diamond_pickaxe":1,"minecraft:shield":2,"minecraft:stick":8,"minecraft:gold_ingot":4,"minecraft:diamond_chestplate":1},"minecraft:mined":{"minecraft:nether_gold_ore":10,"minecraft:cave_vines_plant":5,"minecraft:grass_block":34,"minecraft:soul_soil":1,"minecraft:moss_block":25,"minecraft:spore_blossom":1,"minecraft:furnace":2,"minecraft:moss_carpet":2,"treechop:chopped_log":3,"minecraft:flowering_azalea_leaves":3,"minecraft:cave_vines":14,"minecraft:vine":11,"minecraft:azalea_leaves":4,"minecraft:stone":15,"minecraft:tripwire":1,"minecraft:flowering_azalea":2,"minecraft:redstone_block":1,"minecraft:soul_sand":1,"minecraft:soul_fire":5,"duneons:bigstoneground":1,"minecraft:crafting_table":2,"minecraft:dead_bush":1,"minecraft:tall_grass":38,"minecraft:sugar_cane":1,"minecraft:lilac":2,"minecraft:grass":95,"minecraft:oak_log":3,"minecraft:gravel":4,"minecraft:sand":1,"minecraft:dirt":17,"duneons:dungeonscharreddirt":1,"minecraft:small_dripleaf":2,"minecraft:netherrack":4,"minecraft:fern":9,"minecraft:oak_leaves":1},"minecraft:broken":{"minecraft:shield":1},"minecraft:custom":{"minecraft:mob_kills":47,"minecraft:interact_with_crafting_table":20,"minecraft:open_barrel":7,"minecraft:damage_dealt_resisted":0,"minecraft:leave_game":2,"minecraft:time_since_death":21123,"minecraft:climb_one_cm":4904,"minecraft:damage_resisted":0,"minecraft:sprint_one_cm":305923,"minecraft:walk_one_cm":292363,"minecraft:damage_blocked_by_shield":1455,"minecraft:drop":37,"minecraft:talked_to_villager":9,"minecraft:play_time":110317,"minecraft:deaths":7,"minecraft:sneak_time":3726,"minecraft:walk_under_water_one_cm":7985,"minecraft:jump":1662,"minecraft:walk_on_water_one_cm":9883,"minecraft:total_world_time":110317,"minecraft:interact_with_furnace":19,"minecraft:time_since_rest":19988,"minecraft:damage_taken":3970,"minecraft:damage_dealt":3974,"minecraft:swim_one_cm":20978,"minecraft:fly_one_cm":218888,"minecraft:open_chest":24,"minecraft:crouch_one_cm":7636,"tombstone:undead_killed":16,"tombstone:villager_killed":1,"minecraft:fall_one_cm":40522},"minecraft:killed":{"minecraft:skeleton":4,"duneons:redstonegolem":4,"minecraft:drowned":2,"duneons:petgolem":2,"minecraft:skeleton_horse":1,"minecraft:magma_cube":1,"minecraft:pig":1,"minecraft:zombie_villager":1,"minecraft:creeper":5,"minecraft:sheep":10,"minecraft:zombie":8,"minecraft:ghast":1,"minecraft:villager":1,"minecraft:enderman":2,"minecraft:cow":4}},"DataVersion":3465}