{"stats":{"minecraft:dropped":{"duneons:goldmace":2,"minecraft:diamond":4,"duneons:purplevangardpotion":2,"duneons:magicwand":2,"duneons:soul_scythe":2,"weaponmaster:taglockkit":3,"sophisticatedbackpacks:backpack":2,"minecraft:suspicious_stew":1,"minecraft:gunpowder":2,"minecraft:oak_sapling":4,"minecraft:jungle_sapling":3,"duneons:crumsoncoresword":2},"minecraft:picked_up":{"minecraft:coarse_dirt":3,"duneons:dungeonscharreddirt":1,"minecraft:cocoa_beans":6,"minecraft:crafting_table":2,"minecraft:redstone_block":1,"minecraft:suspicious_stew":3,"minecraft:jungle_log":15,"minecraft:leather":15,"minecraft:brown_wool":1,"duneons:purplevangardpotion":3,"duneons:bigstoneground":1,"minecraft:oak_log":6,"minecraft:gunpowder":5,"minecraft:dirt":39,"minecraft:soul_soil":16,"minecraft:iron_axe":1,"bhc:red_heart":2,"duneons:crumsoncoresword":3,"minecraft:wheat_seeds":3,"minecraft:iron_ingot":11,"minecraft:beef":6,"minecraft:jungle_sapling":3,"croptopia:coconut":1,"minecraft:sugar_cane":5,"minecraft:soul_sand":6,"minecraft:acacia_sapling":1,"minecraft:furnace":2,"duneons:keydiamond":2,"minecraft:stick":2,"duneons:red_stone_golem_skull":3,"weaponmaster:weaponkit":1,"sophisticatedbackpacks:backpack":1,"minecraft:porkchop":3,"minecraft:sand":1,"duneons:magicwand":3,"tombstone:grave_dust":2,"minecraft:grass_block":1,"croptopia:date":2,"weaponmaster:taglockkit":3,"minecraft:arrow":4,"minecraft:rotten_flesh":8,"minecraft:diamond":36,"duneons:soul_scythe":3,"duneons:goldmace":3,"duneons:miniredstonegolem":3,"minecraft:oak_sapling":4,"minecraft:mutton":11,"minecraft:white_wool":9,"minecraft:cobblestone":15},"minecraft:killed_by":{"minecraft:husk":1,"minecraft:skeleton":2,"minecraft:creeper":1,"duneons:electric":1},"minecraft:used":{"croptopia:coconut":1,"minecraft:cooked_mutton":8,"minecraft:stone_pickaxe":8,"minecraft:oak_planks":2,"duneons:miniredstonegolem":1,"minecraft:shield":25,"minecraft:wooden_pickaxe":15,"minecraft:redstone_block":1,"duneons:dungeonscharreddirt":1,"minecraft:soul_sand":1,"duneons:bigstoneground":1,"minecraft:dirt":35,"minecraft:sand":1,"minecraft:crafting_table":2,"croptopia:date":2,"weaponmaster:wm_broadswordlarge":6,"duneons:soul_scythe":1,"minecraft:diamond_pickaxe":1,"minecraft:stone_axe":68,"croptopia:toast":8,"minecraft:soul_soil":1,"minecraft:furnace":2,"tombstone:gift":2,"minecraft:cooked_beef":6},"minecraft:mined":{"minecraft:redstone_block":1,"minecraft:soul_sand":1,"minecraft:soul_fire":5,"duneons:bigstoneground":1,"minecraft:crafting_table":2,"minecraft:grass_block":8,"minecraft:tall_grass":8,"minecraft:sugar_cane":1,"minecraft:furnace":2,"treechop:chopped_log":3,"minecraft:grass":12,"minecraft:vine":1,"minecraft:sand":1,"minecraft:dirt":17,"duneons:dungeonscharreddirt":1,"minecraft:stone":15,"minecraft:oak_leaves":1,"minecraft:fern":4},"minecraft:crafted":{"minecraft:glass_bottle":3,"minecraft:oak_planks":24,"sophisticatedbackpacks:backpack":2,"minecraft:crafting_table":1,"weaponmaster:taglockkit":1,"minecraft:wooden_pickaxe":1,"minecraft:furnace":1,"croptopia:toast":8,"minecraft:stone_axe":1,"minecraft:cooked_mutton":8,"minecraft:air":0,"minecraft:jungle_planks":24,"minecraft:glass":3,"minecraft:diamond_leggings":1,"minecraft:diamond_pickaxe":1,"minecraft:shield":1,"minecraft:stick":8,"minecraft:stone_pickaxe":1,"minecraft:chest":2,"minecraft:diamond_chestplate":1,"sophisticatedbackpacks:iron_backpack":1},"minecraft:custom":{"minecraft:interact_with_furnace":19,"minecraft:mob_kills":41,"minecraft:interact_with_crafting_table":12,"minecraft:open_barrel":2,"minecraft:damage_dealt_resisted":0,"minecraft:leave_game":2,"minecraft:time_since_death":10179,"minecraft:damage_resisted":0,"minecraft:climb_one_cm":4628,"minecraft:time_since_rest":9223,"minecraft:sprint_one_cm":199598,"minecraft:damage_taken":3403,"minecraft:walk_one_cm":203523,"minecraft:damage_blocked_by_shield":1170,"minecraft:drop":23,"minecraft:damage_dealt":3974,"minecraft:swim_one_cm":20978,"minecraft:talked_to_villager":4,"minecraft:fly_one_cm":159281,"minecraft:open_chest":20,"minecraft:crouch_one_cm":6583,"minecraft:play_time":86317,"tombstone:undead_killed":13,"minecraft:deaths":6,"minecraft:sneak_time":3261,"minecraft:walk_under_water_one_cm":7985,"minecraft:jump":1326,"minecraft:walk_on_water_one_cm":7022,"minecraft:total_world_time":86317,"minecraft:fall_one_cm":28735},"minecraft:killed":{"minecraft:magma_cube":1,"minecraft:pig":1,"minecraft:zombie_villager":1,"minecraft:creeper":5,"minecraft:sheep":10,"minecraft:skeleton":2,"minecraft:zombie":7,"minecraft:ghast":1,"duneons:redstonegolem":4,"minecraft:drowned":2,"minecraft:skeleton_horse":1,"minecraft:enderman":2,"minecraft:cow":4}},"DataVersion":3465}