{"stats":{"minecraft:picked_up":{"minecraft:crafting_table":3,"minecraft:wheat":3,"minecraft:chicken":3,"minecraft:suspicious_stew":2,"croptopia:cinnamon_log":5,"minecraft:stone_brick_wall":3,"minecraft:enchanted_book":1,"minecraft:stone_brick_stairs":15,"minecraft:string":6,"minecraft:moss_carpet":1,"minecraft:soul_soil":133,"minecraft:raw_copper":70,"minecraft:iron_leggings":1,"minecraft:blackstone":10,"minecraft:gold_nugget":22,"minecraft:cobbled_deepslate":1570,"minecraft:beef":20,"minecraft:jungle_sapling":1,"minecraft:enchanted_golden_apple":1,"croptopia:cinnamon_sapling":2,"minecraft:chest":1,"minecraft:birch_sapling":2,"minecraft:egg":5,"minecraft:stick":33,"minecraft:raw_iron":55,"minecraft:sandstone":29,"iceandfire:armor_copper_metal_leggings":2,"minecraft:torch":8,"sophisticatedbackpacks:backpack":1,"minecraft:porkchop":1,"duneons:magicwand":2,"tombstone:grave_dust":1,"minecraft:redstone":111,"tombstone:tablet_of_cupidity":1,"minecraft:arrow":12,"minecraft:rotten_flesh":13,"croptopia:persimmon":3,"minecraft:hay_block":12,"duneons:soul_scythe":4,"minecraft:bookshelf":8,"minecraft:gold_ingot":3,"sophisticatedbackpacks:copper_backpack":1,"duneons:goldmace":2,"minecraft:mutton":20,"minecraft:white_wool":11,"minecraft:cobblestone":2137,"minecraft:birch_log":6,"duneons:dungeonscharreddirt":19,"minecraft:magma_block":70,"minecraft:feather":1,"minecraft:basalt":16,"croptopia:nectarine":12,"minecraft:jungle_log":27,"minecraft:leather":7,"minecraft:potato":8,"minecraft:flint":10,"minecraft:oak_log":70,"minecraft:tuff":58,"minecraft:chainmail_chestplate":1,"duneons:purplevangardpotion":2,"minecraft:ancient_debris":6,"minecraft:yellow_bed":3,"minecraft:gunpowder":9,"minecraft:lapis_lazuli":30,"minecraft:dirt":166,"tombstone:gift":1,"minecraft:name_tag":1,"bhc:red_heart":1,"minecraft:bone":6,"minecraft:apple":7,"minecraft:stone_bricks":37,"minecraft:bow":1,"duneons:crumsoncoresword":2,"minecraft:wheat_seeds":5,"minecraft:raw_gold":16,"minecraft:iron_ingot":6,"minecraft:moss_block":2,"croptopia:lime":9,"minecraft:soul_sand":176,"sophisticatedbackpacks:diamond_backpack":1,"duneons:red_stone_golem_skull":2,"croptopia:dragonfruit":8,"minecraft:music_disc_13":2,"minecraft:sweet_berries":5,"croptopia:starfruit":2,"onlyhammersandexcavators:obsidian_hammer":1,"minecraft:quartz":29,"minecraft:gravel":74,"minecraft:sand":61,"sophisticatedbackpacks:iron_backpack":1,"minecraft:white_bed":1,"minecraft:diamond_block":1,"minecraft:mossy_cobblestone":5,"weaponmaster:taglockkit":1,"duneons:wintershroom":1,"minecraft:oak_wood":18,"minecraft:diamond":119,"minecraft:chainmail_leggings":1,"minecraft:iron_helmet":1,"minecraft:gray_wool":2,"minecraft:oak_sapling":49,"tombstone:magic_scroll":1,"duneons:miniredstonegolem":2,"minecraft:netherrack":1649,"minecraft:coal":133,"minecraft:crimson_roots":1,"iceandfire:raw_silver":11},"minecraft:dropped":{"minecraft:iron_ingot":6,"minecraft:bread":14,"minecraft:diamond":36,"minecraft:cobblestone":14,"minecraft:leather":10,"croptopia:dragonfruit":6,"minecraft:dirt":92,"minecraft:crimson_roots":1,"minecraft:diamond_helmet":1,"minecraft:cobbled_deepslate":64,"minecraft:wheat":1,"minecraft:chicken":3,"minecraft:rotten_flesh":2,"weaponmaster:taglockkit":1,"minecraft:cooked_mutton":1,"sophisticatedbackpacks:diamond_backpack":1,"weaponmaster:weaponkit":2,"minecraft:shield":1,"minecraft:stone_brick_wall":3,"minecraft:diamond_boots":1,"onlyhammersandexcavators:obsidian_hammer":4,"iceandfire:armor_copper_metal_leggings":2,"minecraft:stone_brick_stairs":3},"minecraft:killed_by":{"minecraft:player":1,"minecraft:skeleton":1,"duneons:electric":3},"minecraft:used":{"minecraft:moss_block":2,"minecraft:flint_and_steel":1,"minecraft:chest":8,"minecraft:shield":60,"duneons:dungeonscharreddirt":18,"weaponmaster:workstation":1,"duneons:wintershroom":1,"minecraft:netherrack":166,"minecraft:torch":127,"minecraft:dirt":16,"minecraft:jungle_planks":3,"duneons:crumsoncoresword":4,"duneons:soul_scythe":16,"minecraft:wooden_axe":35,"minecraft:stone_bricks":6,"minecraft:soul_soil":15,"minecraft:oak_sapling":1,"minecraft:furnace":12,"tombstone:gift":2,"minecraft:cooked_beef":15,"minecraft:cobbled_deepslate":70,"onlyhammersandexcavators:obsidian_hammer":11376,"minecraft:cooked_mutton":14,"duneons:miniredstonegolem":1,"minecraft:oak_planks":15,"minecraft:blackstone":8,"minecraft:wooden_pickaxe":13,"minecraft:sandstone":3,"minecraft:diamond_axe":34,"minecraft:diamond_block":2,"minecraft:sand":9,"minecraft:crafting_table":8,"minecraft:white_bed":1,"iceandfire:silver_axe":184,"minecraft:wooden_hoe":11,"minecraft:bread":14,"minecraft:gravel":6,"minecraft:diamond_sword":8,"minecraft:cobblestone":4,"weaponmaster:wm_rapier":1,"onlyhammersandexcavators:obsidian_excavator":976,"minecraft:yellow_bed":3},"minecraft:crafted":{"minecraft:oak_planks":216,"onlyhammersandexcavators:obsidian_excavator":1,"onlyhammersandexcavators:obsidian_hammer":4,"minecraft:furnace":12,"iceandfire:armor_copper_metal_leggings":1,"minecraft:cooked_mutton":16,"minecraft:diamond_block":6,"iceandfire:armor_copper_metal_helmet":1,"minecraft:flint_and_steel":1,"weaponmaster:workstation":1,"bhc:red_heart_melted":1,"minecraft:diamond":45,"minecraft:diamond_helmet":3,"minecraft:diamond_leggings":2,"minecraft:chest":8,"minecraft:diamond_boots":3,"weaponmaster:weaponkit":3,"minecraft:netherite_scrap":5,"sophisticatedbackpacks:iron_backpack":1,"minecraft:wheat":108,"minecraft:cooked_beef":15,"iceandfire:silver_axe":1,"minecraft:oak_slab":6,"minecraft:diamond_sword":1,"iceandfire:silver_ingot":7,"minecraft:diamond_axe":1,"minecraft:crafting_table":5,"minecraft:wooden_pickaxe":1,"minecraft:copper_ingot":18,"sophisticatedbackpacks:gold_backpack":1,"minecraft:birch_planks":24,"minecraft:air":0,"minecraft:bread":36,"minecraft:jungle_planks":44,"minecraft:lectern":1,"minecraft:wooden_hoe":1,"minecraft:shield":1,"sophisticatedbackpacks:diamond_backpack":1,"minecraft:stick":52,"minecraft:iron_ingot":59,"minecraft:wooden_axe":1,"minecraft:iron_block":4,"minecraft:gold_ingot":5,"minecraft:anvil":1,"minecraft:white_bed":1,"minecraft:torch":120,"minecraft:diamond_chestplate":2},"minecraft:mined":{"minecraft:nether_gold_ore":8,"minecraft:tuff":197,"duneons:wintershroom":1,"minecraft:white_bed":1,"iceandfire:silver_ore":11,"minecraft:mossy_cobblestone":7,"minecraft:deepslate_diamond_ore":117,"minecraft:grass_block":49,"minecraft:crimson_roots":1,"minecraft:cracked_polished_blackstone_bricks":1,"minecraft:soul_soil":187,"minecraft:polished_blackstone_brick_slab":1,"minecraft:moss_block":2,"minecraft:infested_chiseled_stone_bricks":1,"minecraft:sandstone":24,"minecraft:hay_block":12,"minecraft:polished_blackstone_bricks":8,"minecraft:magma_block":149,"minecraft:fire":3,"minecraft:iron_ore":57,"minecraft:cobbled_deepslate":6,"minecraft:diamond_block":1,"treechop:chopped_log":12,"minecraft:deepslate_lapis_ore":5,"minecraft:vine":1,"minecraft:stone":3065,"minecraft:deepslate_redstone_ore":32,"minecraft:acacia_leaves":1,"minecraft:soul_sand":332,"minecraft:blackstone":10,"minecraft:soul_fire":9,"minecraft:basalt":17,"minecraft:crafting_table":2,"minecraft:dead_bush":2,"minecraft:nether_quartz_ore":40,"minecraft:copper_ore":20,"minecraft:tall_grass":15,"minecraft:cobblestone":27,"minecraft:deepslate_coal_ore":1,"minecraft:deepslate_gold_ore":16,"minecraft:deepslate_copper_ore":2,"minecraft:cobblestone_wall":3,"minecraft:birch_leaves":2,"minecraft:yellow_bed":3,"minecraft:stone_brick_stairs":13,"minecraft:grass":11,"minecraft:coal_ore":141,"minecraft:oak_log":9,"minecraft:gravel":94,"minecraft:sand":74,"minecraft:dirt":128,"duneons:dungeonscharreddirt":19,"minecraft:stone_bricks":51,"minecraft:ancient_debris":7,"minecraft:netherrack":3276,"minecraft:deepslate":2788,"minecraft:oak_leaves":28,"minecraft:fern":5},"minecraft:broken":{"minecraft:shield":1},"minecraft:custom":{"minecraft:mob_kills":46,"minecraft:interact_with_crafting_table":50,"minecraft:open_barrel":4,"minecraft:bell_ring":1,"minecraft:damage_dealt_resisted":35,"minecraft:leave_game":12,"minecraft:time_since_death":7766,"minecraft:damage_resisted":0,"minecraft:climb_one_cm":1971,"minecraft:sprint_one_cm":429261,"minecraft:walk_one_cm":690824,"minecraft:damage_blocked_by_shield":2520,"minecraft:drop":41,"minecraft:damage_dealt_absorbed":80,"minecraft:play_time":215935,"minecraft:deaths":12,"minecraft:sneak_time":750,"minecraft:walk_under_water_one_cm":15563,"minecraft:jump":3183,"minecraft:walk_on_water_one_cm":18907,"minecraft:total_world_time":215935,"minecraft:interact_with_furnace":78,"minecraft:sleep_in_bed":6,"minecraft:time_since_rest":7233,"minecraft:damage_taken":5732,"minecraft:damage_dealt":7752,"minecraft:swim_one_cm":28036,"minecraft:fly_one_cm":326369,"minecraft:player_kills":3,"minecraft:open_chest":80,"minecraft:crouch_one_cm":1666,"tombstone:undead_killed":9,"tombstone:villager_killed":1,"minecraft:fall_one_cm":66494},"minecraft:killed":{"minecraft:zombified_piglin":1,"minecraft:spider":1,"duneons:babykeyblue":3,"minecraft:skeleton":6,"minecraft:chicken":3,"duneons:illagergeomancerattack":1,"minecraft:pig":1,"duneons:wraithattack":3,"minecraft:sheep":12,"minecraft:zombie":2,"minecraft:villager":1,"minecraft:cow":8}},"DataVersion":3465}