{"stats":{"minecraft:picked_up":{"minecraft:crafting_table":1,"minecraft:nether_wart":12,"minecraft:chicken":5,"minecraft:suspicious_stew":2,"croptopia:cinnamon_log":7,"minecraft:stone_brick_wall":1,"minecraft:enchanted_book":1,"duneons:bigstoneground":1,"minecraft:shield":1,"minecraft:cornflower":1,"minecraft:string":1,"minecraft:red_bed":4,"minecraft:soul_soil":61,"minecraft:item_frame":5,"minecraft:cracked_stone_bricks":1,"minecraft:gold_nugget":119,"minecraft:cobbled_deepslate":809,"minecraft:spruce_planks":14,"minecraft:beef":18,"minecraft:jungle_sapling":2,"minecraft:wooden_shovel":1,"minecraft:iron_pickaxe":1,"minecraft:spruce_slab":3,"minecraft:spruce_trapdoor":12,"minecraft:furnace":1,"minecraft:stick":9,"minecraft:raw_iron":9,"minecraft:sandstone":35,"apotheosis:gem":8,"weaponmaster:weaponkit":1,"minecraft:bowl":1,"minecraft:torch":20,"minecraft:acacia_log":2,"minecraft:spruce_stairs":1,"minecraft:porkchop":6,"duneons:magicwand":7,"tombstone:grave_dust":2,"minecraft:redstone":4,"minecraft:arrow":10,"minecraft:rotten_flesh":18,"minecraft:diamond_boots":1,"duneons:soul_scythe":5,"sophisticatedbackpacks:copper_backpack":1,"minecraft:blaze_rod":8,"duneons:goldmace":6,"minecraft:obsidian":32,"minecraft:mutton":3,"minecraft:white_wool":1,"minecraft:cobblestone":355,"minecraft:magma_block":68,"minecraft:cooked_beef":2,"minecraft:basalt":1,"minecraft:jungle_log":17,"minecraft:leather":12,"minecraft:tuff":24,"minecraft:oak_log":7,"duneons:purplevangardpotion":5,"minecraft:ancient_debris":5,"minecraft:cobblestone_wall":13,"minecraft:lapis_lazuli":42,"minecraft:dirt":107,"minecraft:cooked_mutton":1,"duneons:charredgrassblock":1,"bhc:red_heart":4,"minecraft:bone":12,"minecraft:stone_bricks":19,"duneons:crumsoncoresword":9,"minecraft:bow":1,"minecraft:wheat_seeds":3,"minecraft:iron_ingot":6,"minecraft:diamond_helmet":1,"minecraft:soul_sand":59,"minecraft:acacia_sapling":2,"sophisticatedbackpacks:diamond_backpack":1,"minecraft:book":21,"duneons:keydiamond":1,"duneons:red_stone_golem_skull":3,"croptopia:dragonfruit":5,"onlyhammersandexcavators:obsidian_hammer":3,"minecraft:quartz":97,"minecraft:gravel":13,"minecraft:jungle_planks":1,"minecraft:sand":10,"minecraft:diamond_block":1,"minecraft:spider_eye":2,"minecraft:mossy_cobblestone":3,"weaponmaster:taglockkit":1,"minecraft:bundle":1,"minecraft:diamond":20,"minecraft:diamond_axe":1,"minecraft:chainmail_leggings":1,"minecraft:iron_helmet":1,"duneons:miniredstonegolem":6,"minecraft:bread":14,"minecraft:chainmail_helmet":1,"tombstone:magic_scroll":1,"minecraft:oak_sapling":8,"minecraft:netherrack":3038,"minecraft:black_wool":1,"minecraft:coal":12,"iceandfire:raw_silver":8},"minecraft:dropped":{"minecraft:iron_ingot":11,"minecraft:soul_sand":55,"duneons:miniredstonegolem":5,"minecraft:wheat_seeds":2,"minecraft:diamond_axe":1,"minecraft:bookshelf":8,"duneons:charredgrassblock":1,"duneons:purplevangardpotion":1,"duneons:soul_scythe":4,"minecraft:cobblestone":34,"minecraft:dirt":1,"minecraft:torch":3,"minecraft:mutton":1,"tombstone:grave_dust":3,"duneons:goldmace":3,"minecraft:sweet_berries":5,"minecraft:soul_soil":6,"duneons:red_stone_golem_skull":3,"minecraft:cobbled_deepslate":89,"minecraft:cobblestone_wall":7,"minecraft:bowl":3,"minecraft:raw_iron":3,"tombstone:gift":1,"duneons:magicwand":5,"minecraft:rotten_flesh":2,"weaponmaster:taglockkit":1,"sophisticatedbackpacks:diamond_backpack":1,"minecraft:potato":8,"minecraft:spruce_trapdoor":3,"apotheosis:gem":2,"minecraft:stone_bricks":11,"duneons:crumsoncoresword":6,"minecraft:spruce_slab":1,"minecraft:magma_block":51,"minecraft:netherrack":1937},"minecraft:killed_by":{"minecraft:ghast":1,"minecraft:player":1,"minecraft:wither_skeleton":1,"duneons:redstonegolem":1,"minecraft:skeleton":3,"minecraft:blaze":1,"minecraft:zombie":2,"cataclysm:netherite_monstrosity":1,"duneons:electric":3},"minecraft:used":{"minecraft:stone_sword":41,"minecraft:shield":91,"minecraft:iron_sword":59,"minecraft:cooked_chicken":9,"minecraft:rotten_flesh":1,"minecraft:netherrack":37,"minecraft:torch":15,"minecraft:soul_sand":4,"minecraft:dirt":15,"minecraft:mutton":3,"minecraft:jungle_planks":1,"duneons:crumsoncoresword":7,"minecraft:milk_bucket":2,"minecraft:obsidian":15,"minecraft:wooden_axe":1,"minecraft:lava_bucket":4,"minecraft:bow":27,"minecraft:beef":2,"minecraft:furnace":8,"tombstone:gift":4,"minecraft:cooked_beef":16,"minecraft:cobbled_deepslate":33,"onlyhammersandexcavators:obsidian_hammer":13685,"minecraft:cooked_mutton":3,"minecraft:water_bucket":2,"minecraft:stone_pickaxe":28,"minecraft:wooden_pickaxe":28,"minecraft:diamond_axe":26,"minecraft:mossy_cobblestone":3,"minecraft:sand":3,"minecraft:crafting_table":3,"minecraft:red_bed":3,"weaponmaster:wm_broadswordlarge":10,"minecraft:diamond_pickaxe":199,"minecraft:black_wool":1,"minecraft:suspicious_stew":2,"minecraft:bread":14,"minecraft:iron_pickaxe":7,"minecraft:gravel":5,"minecraft:diamond_sword":86,"minecraft:wooden_sword":35,"minecraft:cobblestone":34,"minecraft:porkchop":3,"minecraft:cooked_porkchop":5,"minecraft:bucket":7},"minecraft:crafted":{"minecraft:wooden_sword":1,"minecraft:oak_planks":28,"minecraft:cooked_chicken":9,"minecraft:furnace":7,"minecraft:bookshelf":5,"minecraft:cooked_mutton":2,"minecraft:diamond":9,"minecraft:diamond_leggings":1,"minecraft:stone_pickaxe":1,"minecraft:cooked_beef":14,"croptopia:cinnamon_wood":1,"minecraft:diamond_sword":1,"minecraft:cooked_porkchop":5,"minecraft:diamond_axe":1,"minecraft:crafting_table":2,"minecraft:wooden_pickaxe":1,"minecraft:iron_sword":1,"minecraft:stone_axe":1,"minecraft:air":0,"minecraft:jungle_planks":68,"minecraft:diamond_pickaxe":1,"minecraft:shield":1,"minecraft:stick":36,"minecraft:iron_ingot":8,"minecraft:wooden_axe":1,"minecraft:stone_sword":1,"minecraft:acacia_planks":8,"minecraft:torch":8,"minecraft:diamond_chestplate":1},"minecraft:mined":{"minecraft:nether_gold_ore":43,"minecraft:tuff":33,"iceandfire:silver_ore":8,"minecraft:mossy_cobblestone":1,"minecraft:deepslate_diamond_ore":19,"minecraft:obsidian":32,"minecraft:acacia_log":2,"minecraft:grass_block":6,"minecraft:jungle_planks":1,"minecraft:soul_soil":6,"minecraft:nether_wart":10,"minecraft:sandstone":53,"minecraft:magma_block":29,"duneons:charredgrassblock":1,"minecraft:furnace":1,"minecraft:iron_ore":3,"minecraft:cobbled_deepslate":3,"minecraft:diamond_block":1,"treechop:chopped_log":2,"minecraft:deepslate_lapis_ore":6,"minecraft:bookshelf":5,"minecraft:deepslate_iron_ore":9,"minecraft:stone":337,"minecraft:deepslate_redstone_ore":6,"minecraft:acacia_leaves":4,"minecraft:blackstone":10,"minecraft:red_bed":4,"minecraft:soul_sand":4,"minecraft:soul_fire":1,"duneons:bigstoneground":1,"minecraft:crafting_table":1,"minecraft:torch":3,"minecraft:nether_quartz_ore":132,"minecraft:tall_grass":8,"minecraft:cobblestone":2,"minecraft:wall_torch":11,"minecraft:grass":3,"minecraft:oak_log":2,"minecraft:coal_ore":12,"minecraft:gravel":20,"minecraft:sand":10,"minecraft:dirt":7,"minecraft:cracked_stone_bricks":1,"minecraft:stone_bricks":2,"minecraft:ancient_debris":3,"minecraft:netherrack":10377,"minecraft:oak_leaves":4,"minecraft:deepslate":1354},"minecraft:broken":{"minecraft:shield":2,"onlyhammersandexcavators:obsidian_hammer":2},"minecraft:custom":{"minecraft:mob_kills":96,"minecraft:interact_with_anvil":2,"minecraft:interact_with_crafting_table":26,"minecraft:damage_dealt_resisted":293,"minecraft:eat_cake_slice":4,"minecraft:leave_game":15,"minecraft:time_since_death":3516,"minecraft:climb_one_cm":5516,"minecraft:damage_resisted":0,"minecraft:sprint_one_cm":795047,"minecraft:walk_one_cm":958682,"minecraft:damage_blocked_by_shield":3281,"minecraft:drop":99,"minecraft:talked_to_villager":1,"minecraft:play_time":291764,"minecraft:sneak_time":1728,"minecraft:deaths":16,"minecraft:walk_under_water_one_cm":12168,"minecraft:jump":4007,"minecraft:interact_with_blast_furnace":1,"minecraft:walk_on_water_one_cm":17510,"minecraft:total_world_time":291764,"minecraft:interact_with_furnace":56,"minecraft:interact_with_grindstone":1,"minecraft:sleep_in_bed":5,"minecraft:time_since_rest":1117,"minecraft:damage_taken":7979,"minecraft:trigger_trapped_chest":3,"minecraft:damage_dealt":10377,"minecraft:swim_one_cm":45489,"minecraft:fly_one_cm":586767,"minecraft:player_kills":2,"minecraft:open_chest":57,"minecraft:crouch_one_cm":1945,"tombstone:undead_killed":38,"minecraft:fall_one_cm":71872},"minecraft:killed":{"minecraft:zombified_piglin":1,"duneons:mobspawnerattack":1,"minecraft:spider":4,"duneons:babykeyblue":2,"minecraft:skeleton":11,"minecraft:bee":1,"minecraft:chicken":2,"duneons:redstonegolem":10,"minecraft:drowned":2,"duneons:petgolem":1,"minecraft:husk":1,"minecraft:pig":3,"duneons:wraithattack":2,"minecraft:creeper":1,"minecraft:sheep":2,"minecraft:zombie":13,"minecraft:ghast":1,"minecraft:wither_skeleton":10,"minecraft:blaze":12,"minecraft:cow":11}},"DataVersion":3465}