{"stats":{"minecraft:dropped":{"minecraft:wheat_seeds":2,"minecraft:cobblestone":34,"minecraft:dirt":1,"minecraft:mutton":1,"minecraft:sweet_berries":5,"minecraft:cobbled_deepslate":89,"minecraft:cobblestone_wall":7,"minecraft:raw_iron":3,"tombstone:gift":1,"minecraft:rotten_flesh":2,"sophisticatedbackpacks:diamond_backpack":1,"minecraft:potato":8,"minecraft:spruce_trapdoor":3,"minecraft:stone_bricks":11,"minecraft:spruce_slab":1},"minecraft:picked_up":{"minecraft:crafting_table":1,"minecraft:chicken":2,"croptopia:cinnamon_log":7,"minecraft:stone_brick_wall":1,"duneons:bigstoneground":1,"minecraft:shield":1,"minecraft:cornflower":1,"minecraft:string":1,"minecraft:red_bed":4,"minecraft:item_frame":5,"minecraft:cracked_stone_bricks":1,"minecraft:cobbled_deepslate":809,"minecraft:spruce_planks":14,"minecraft:beef":18,"minecraft:jungle_sapling":2,"minecraft:wooden_shovel":1,"minecraft:iron_pickaxe":1,"minecraft:spruce_slab":3,"minecraft:spruce_trapdoor":12,"minecraft:furnace":1,"minecraft:stick":9,"minecraft:raw_iron":9,"minecraft:sandstone":35,"apotheosis:gem":6,"minecraft:torch":12,"minecraft:acacia_log":2,"minecraft:spruce_stairs":1,"minecraft:porkchop":6,"tombstone:grave_dust":2,"minecraft:redstone":4,"minecraft:arrow":8,"minecraft:rotten_flesh":17,"minecraft:diamond_boots":1,"sophisticatedbackpacks:copper_backpack":1,"minecraft:obsidian":32,"minecraft:mutton":3,"minecraft:white_wool":1,"minecraft:cobblestone":355,"minecraft:basalt":1,"minecraft:jungle_log":17,"minecraft:leather":12,"minecraft:tuff":24,"minecraft:oak_log":7,"minecraft:cobblestone_wall":13,"minecraft:lapis_lazuli":42,"minecraft:dirt":107,"bhc:red_heart":4,"minecraft:bone":9,"minecraft:stone_bricks":19,"minecraft:bow":1,"minecraft:wheat_seeds":3,"minecraft:diamond_helmet":1,"minecraft:acacia_sapling":2,"sophisticatedbackpacks:diamond_backpack":1,"minecraft:book":21,"croptopia:dragonfruit":5,"onlyhammersandexcavators:obsidian_hammer":1,"minecraft:gravel":13,"minecraft:jungle_planks":1,"minecraft:sand":10,"minecraft:diamond_block":1,"minecraft:spider_eye":2,"minecraft:mossy_cobblestone":3,"minecraft:bundle":1,"minecraft:diamond":20,"minecraft:chainmail_leggings":1,"minecraft:iron_helmet":1,"minecraft:chainmail_helmet":1,"tombstone:magic_scroll":1,"minecraft:oak_sapling":4,"minecraft:black_wool":1,"minecraft:coal":12,"iceandfire:raw_silver":8},"minecraft:killed_by":{"minecraft:skeleton":3,"minecraft:zombie":2},"minecraft:used":{"minecraft:stone_sword":41,"minecraft:shield":48,"minecraft:iron_sword":59,"minecraft:cooked_chicken":6,"minecraft:torch":13,"minecraft:dirt":15,"minecraft:mutton":3,"minecraft:jungle_planks":1,"minecraft:milk_bucket":2,"minecraft:obsidian":15,"minecraft:wooden_axe":1,"minecraft:lava_bucket":4,"minecraft:beef":2,"minecraft:furnace":8,"tombstone:gift":2,"minecraft:cooked_beef":14,"minecraft:cobbled_deepslate":33,"onlyhammersandexcavators:obsidian_hammer":2033,"minecraft:cooked_mutton":2,"minecraft:water_bucket":1,"minecraft:stone_pickaxe":28,"minecraft:wooden_pickaxe":28,"minecraft:diamond_axe":20,"minecraft:mossy_cobblestone":3,"minecraft:sand":3,"minecraft:crafting_table":3,"minecraft:red_bed":3,"minecraft:diamond_pickaxe":17,"minecraft:black_wool":1,"minecraft:iron_pickaxe":7,"minecraft:gravel":5,"minecraft:diamond_sword":85,"minecraft:wooden_sword":35,"minecraft:cobblestone":34,"minecraft:porkchop":3,"minecraft:cooked_porkchop":5,"minecraft:bucket":7},"minecraft:mined":{"minecraft:tuff":33,"iceandfire:silver_ore":8,"minecraft:mossy_cobblestone":1,"minecraft:deepslate_diamond_ore":19,"minecraft:obsidian":32,"minecraft:acacia_log":2,"minecraft:grass_block":6,"minecraft:jungle_planks":1,"minecraft:sandstone":53,"minecraft:furnace":1,"minecraft:iron_ore":3,"minecraft:cobbled_deepslate":3,"minecraft:diamond_block":1,"treechop:chopped_log":2,"minecraft:deepslate_lapis_ore":6,"minecraft:bookshelf":5,"minecraft:deepslate_iron_ore":9,"minecraft:stone":337,"minecraft:deepslate_redstone_ore":6,"minecraft:acacia_leaves":4,"minecraft:red_bed":4,"duneons:bigstoneground":1,"minecraft:crafting_table":1,"minecraft:torch":3,"minecraft:tall_grass":8,"minecraft:cobblestone":2,"minecraft:wall_torch":9,"minecraft:grass":3,"minecraft:oak_log":2,"minecraft:coal_ore":12,"minecraft:gravel":18,"minecraft:sand":10,"minecraft:dirt":7,"minecraft:cracked_stone_bricks":1,"minecraft:stone_bricks":2,"minecraft:oak_leaves":4,"minecraft:deepslate":1354},"minecraft:crafted":{"minecraft:wooden_sword":1,"minecraft:oak_planks":28,"minecraft:cooked_chicken":6,"minecraft:furnace":7,"minecraft:bookshelf":5,"minecraft:cooked_mutton":2,"minecraft:diamond":9,"minecraft:diamond_leggings":1,"minecraft:stone_pickaxe":1,"minecraft:cooked_beef":14,"croptopia:cinnamon_wood":1,"minecraft:diamond_sword":1,"minecraft:cooked_porkchop":5,"minecraft:diamond_axe":1,"minecraft:crafting_table":2,"minecraft:wooden_pickaxe":1,"minecraft:iron_sword":1,"minecraft:stone_axe":1,"minecraft:air":0,"minecraft:jungle_planks":68,"minecraft:diamond_pickaxe":1,"minecraft:shield":1,"minecraft:stick":36,"minecraft:iron_ingot":8,"minecraft:wooden_axe":1,"minecraft:stone_sword":1,"minecraft:acacia_planks":8,"minecraft:torch":8,"minecraft:diamond_chestplate":1},"minecraft:broken":{"minecraft:shield":1},"minecraft:custom":{"minecraft:mob_kills":56,"minecraft:interact_with_anvil":2,"minecraft:interact_with_crafting_table":26,"minecraft:damage_dealt_resisted":293,"minecraft:eat_cake_slice":4,"minecraft:leave_game":14,"minecraft:time_since_death":57032,"minecraft:climb_one_cm":5516,"minecraft:damage_resisted":0,"minecraft:sprint_one_cm":462447,"minecraft:walk_one_cm":481901,"minecraft:damage_blocked_by_shield":2559,"minecraft:drop":22,"minecraft:talked_to_villager":1,"minecraft:play_time":181121,"minecraft:sneak_time":1371,"minecraft:deaths":6,"minecraft:walk_under_water_one_cm":12168,"minecraft:jump":2718,"minecraft:walk_on_water_one_cm":17510,"minecraft:total_world_time":181121,"minecraft:interact_with_furnace":54,"minecraft:interact_with_grindstone":1,"minecraft:sleep_in_bed":5,"minecraft:time_since_rest":3252,"minecraft:damage_taken":4018,"minecraft:trigger_trapped_chest":3,"minecraft:damage_dealt":9020,"minecraft:swim_one_cm":45489,"minecraft:fly_one_cm":409905,"minecraft:player_kills":1,"minecraft:open_chest":45,"minecraft:crouch_one_cm":949,"tombstone:undead_killed":24,"minecraft:fall_one_cm":55289},"minecraft:killed":{"duneons:mobspawnerattack":1,"minecraft:spider":4,"minecraft:skeleton":8,"minecraft:bee":1,"minecraft:chicken":2,"minecraft:drowned":2,"minecraft:husk":1,"minecraft:pig":3,"duneons:wraithattack":2,"minecraft:creeper":1,"minecraft:sheep":2,"minecraft:zombie":13,"minecraft:cow":11}},"DataVersion":3465}